{"val/loss": 0.7917288541793823, "val/dice_loss": 0.0, "val/ce_loss": 0.0, "val/acc": 0.9788607358932495, "val/macc": 0.6826105713844299, "val/miou": 0.45327597856521606, "val/mdice": 0.5910655856132507, "val/mdice_nobg": 0.5603470802307129, "val/mdice_8": 0.646384596824646, "epoch": 0, "trainer/global_step": 0, "_runtime": 519, "_timestamp": 1683409072, "_step": 0, "_wandb": {"runtime": 524}}