{"lr-AdamW/pg1": 2.9131705364291437e-05, "lr-AdamW/pg2": 2.9131705364291437e-05, "trainer/global_step": 743, "_runtime": 2961, "_timestamp": 1681542328, "_step": 2231, "train/loss": 0.18965813517570496, "train/dice_loss": 0.0, "train/ce_loss": 0.0, "epoch": 1, "val/loss": 0.3756471276283264, "val/dice_loss": 0.0, "val/ce_loss": 0.0, "val/acc": 0.9817813038825989, "val/macc": 0.7834427952766418, "val/miou": 0.6775949597358704, "val/mdice": 0.7909407019615173, "val/mdice_nobg": 0.7236083149909973, "_wandb": {"runtime": 2990}}