{"val/loss": 0.9576589465141296, "val/dice_loss": 0.0, "val/ce_loss": 0.0, "val/acc": 0.9506455659866333, "val/macc": NaN, "val/miou": 0.06972744315862656, "val/mdice": 0.07251503318548203, "val/mdice_nobg": 0.0028428654186427593, "val/mdice_8": 0.0046196565963327885, "epoch": 0, "trainer/global_step": 0, "_runtime": 254, "_timestamp": 1683409475, "_step": 0, "_wandb": {"runtime": 257}}