{"lr-AdamW/pg1": 2.877502001601281e-05, "lr-AdamW/pg2": 2.877502001601281e-05, "trainer/global_step": 1040, "_runtime": 3838, "_timestamp": 1681539295, "_step": 3121, "train/loss": 0.27656736969947815, "train/dice_loss": 0.0, "train/ce_loss": 0.0, "epoch": 1, "val/loss": 0.447486013174057, "val/dice_loss": 0.0, "val/ce_loss": 0.0, "val/acc": 0.9984418153762817, "val/macc": 0.7728342413902283, "val/miou": 0.7624696493148804, "val/mdice": 0.8445162177085876, "val/mdice_nobg": 0.6898134350776672}