{"val/loss": 0.7934435606002808, "val/dice_loss": 0.0, "val/ce_loss": 0.0, "val/acc": 0.9832174777984619, "val/macc": 0.6593651175498962, "val/miou": 0.47746726870536804, "val/mdice": 0.6155670881271362, "val/mdice_nobg": 0.5865518450737, "val/mdice_8": 0.6685287356376648, "epoch": 0, "trainer/global_step": 0, "_runtime": 519, "_timestamp": 1683404391, "_step": 0, "_wandb": {"runtime": 523}}