{"val/loss": 0.7500579953193665, "val/dice_loss": 0.0, "val/ce_loss": 0.0, "val/acc": 0.9927965998649597, "val/macc": 0.8134992718696594, "val/miou": 0.6721488237380981, "val/mdice": 0.7868289351463318, "val/mdice_nobg": 0.7706884145736694, "val/mdice_8": 0.8449146747589111, "epoch": 0, "trainer/global_step": 0, "_runtime": 927, "_timestamp": 1683403260, "_step": 0, "_wandb": {"runtime": 926}}