{"lr-AdamW/pg1": 1.4878702962369896e-05, "lr-AdamW/pg2": 1.4878702962369896e-05, "trainer/global_step": 12611, "_runtime": 28589, "_timestamp": 1683118295, "_step": 25233, "train/loss": 0.9285606145858765, "train/dice_loss": 0.0, "train/ce_loss": 0.0, "epoch": 11, "val/loss": 0.753157913684845, "val/dice_loss": 0.0, "val/ce_loss": 0.0, "val/acc": 0.9913884401321411, "val/macc": 0.7942692637443542, "val/miou": 0.6284027099609375, "val/mdice": 0.7515371441841125, "val/mdice_nobg": 0.7327187657356262, "val/mdice_8": 0.7991719841957092}