{"val/loss": 0.7604896426200867, "val/dice_loss": 0.0, "val/ce_loss": 0.0, "val/acc": 0.9909312725067139, "val/macc": 0.7896319627761841, "val/miou": 0.6172759532928467, "val/mdice": 0.7402949929237366, "val/mdice_nobg": 0.7206116914749146, "val/mdice_8": 0.8086086511611938, "epoch": 0, "trainer/global_step": 0, "_runtime": 685, "_timestamp": 1681686452, "_step": 0, "_wandb": {"runtime": 687}}