{"val/loss": 0.7937625646591187, "val/dice_loss": 0.0, "val/ce_loss": 0.0, "val/acc": 0.9815971851348877, "val/macc": 0.6622614860534668, "val/miou": 0.47829216718673706, "val/mdice": 0.6150007843971252, "val/mdice_nobg": 0.5860238671302795, "val/mdice_8": 0.6763604879379272, "epoch": 0, "trainer/global_step": 0, "_runtime": 517, "_timestamp": 1683404957, "_step": 0, "_wandb": {"runtime": 523}}