{"val/loss": 0.788520336151123, "val/dice_loss": 0.0, "val/ce_loss": 0.0, "val/acc": 0.9810003042221069, "val/macc": 0.7003382444381714, "val/miou": 0.46984609961509705, "val/mdice": 0.6087337732315063, "val/mdice_nobg": 0.5793002843856812, "val/mdice_8": 0.6603797674179077, "epoch": 0, "trainer/global_step": 0, "_runtime": 519, "_timestamp": 1683406702, "_step": 0, "_wandb": {"runtime": 525}}