{"lr-AdamW/pg1": 1.4100480384307446e-05, "lr-AdamW/pg2": 1.4100480384307446e-05, "trainer/global_step": 13259, "_runtime": 28602, "_timestamp": 1683118129, "_step": 26531, "train/loss": 0.6846532225608826, "train/dice_loss": 0.0, "train/ce_loss": 0.0, "epoch": 11, "val/loss": 0.7928730249404907, "val/dice_loss": 0.0, "val/ce_loss": 0.0, "val/acc": 0.9818509221076965, "val/macc": 0.6708675026893616, "val/miou": 0.4825780689716339, "val/mdice": 0.6215399503707886, "val/mdice_nobg": 0.5930572152137756, "val/mdice_8": 0.6754702925682068}