{"lr-AdamW/pg1": 6.024096385542169e-09, "lr-AdamW/pg2": 6.024096385542169e-09, "trainer/global_step": 5000, "_runtime": 10883, "_timestamp": 1681640696, "_step": 10004, "train/loss": 0.9287534356117249, "train/dice_loss": 0.0, "train/ce_loss": 0.0, "epoch": 4, "val/loss": 0.7604896426200867, "val/dice_loss": 0.0, "val/ce_loss": 0.0, "val/acc": 0.9909312725067139, "val/macc": 0.7896319627761841, "val/miou": 0.6172759532928467, "val/mdice": 0.7402949929237366, "val/mdice_nobg": 0.7206116914749146, "val/mdice_8": 0.8086086511611938, "_wandb": {"runtime": 10897}}