{"lr-AdamW/pg1": 1.2773418734987991e-05, "lr-AdamW/pg2": 1.2773418734987991e-05, "trainer/global_step": 14364, "_runtime": 33065, "_timestamp": 1682922045, "_step": 28741, "train/loss": 0.6811414957046509, "train/dice_loss": 0.0, "train/ce_loss": 0.0, "epoch": 12, "val/loss": 0.7520104050636292, "val/dice_loss": 0.0, "val/ce_loss": 0.0, "val/acc": 0.992188036441803, "val/macc": 0.8158705830574036, "val/miou": 0.6609190106391907, "val/mdice": 0.7793521881103516, "val/mdice_nobg": 0.7626371383666992, "val/mdice_8": 0.8366560935974121}