{"lr-AdamW/pg1": 2.8238190552441955e-05, "lr-AdamW/pg2": 2.8238190552441955e-05, "trainer/global_step": 1487, "_runtime": 5563, "_timestamp": 1681616751, "_step": 4463, "train/loss": 0.4245382845401764, "train/dice_loss": 0.0, "train/ce_loss": 0.0, "epoch": 3, "val/loss": 0.1697324514389038, "val/dice_loss": 0.0, "val/ce_loss": 0.0, "val/acc": 0.9931525588035583, "val/macc": 0.9165452718734741, "val/miou": 0.8536986112594604, "val/mdice": 0.9177702069282532, "val/mdice_nobg": 0.8912094235420227}