{"lr-AdamW/pg1": 1.117013610888711e-05, "lr-AdamW/pg2": 1.117013610888711e-05, "trainer/global_step": 15699, "_runtime": 34355, "_timestamp": 1683038423, "_step": 31412, "train/loss": 0.2690891623497009, "train/dice_loss": 0.0, "train/ce_loss": 0.0, "epoch": 14, "val/loss": 0.32290884852409363, "val/dice_loss": 0.0, "val/ce_loss": 0.0, "val/acc": 0.991360604763031, "val/macc": 0.6586467027664185, "val/miou": 0.6011276841163635, "val/mdice": 0.7219215631484985, "val/mdice_nobg": 0.7008414268493652, "val/mdice_8": 0.8044759631156921}