{"lr-AdamW/pg1": 1.1028422738190553e-05, "lr-AdamW/pg2": 1.1028422738190553e-05, "trainer/global_step": 15817, "_runtime": 34508, "_timestamp": 1683125680, "_step": 31648, "train/loss": 0.7439457178115845, "train/dice_loss": 0.0, "train/ce_loss": 0.0, "epoch": 14, "val/loss": 0.785710871219635, "val/dice_loss": 0.0, "val/ce_loss": 0.0, "val/acc": 0.982632040977478, "val/macc": 0.7125177383422852, "val/miou": 0.4684472978115082, "val/mdice": 0.6044412851333618, "val/mdice_nobg": 0.5746133923530579, "val/mdice_8": 0.6674562096595764}