{"val/loss": 0.7520104050636292, "val/dice_loss": 0.0, "val/ce_loss": 0.0, "val/acc": 0.992188036441803, "val/macc": 0.8158705830574036, "val/miou": 0.6609190106391907, "val/mdice": 0.7793521881103516, "val/mdice_nobg": 0.7626371383666992, "val/mdice_8": 0.8366560935974121, "epoch": 0, "trainer/global_step": 0, "_runtime": 520, "_timestamp": 1683403824, "_step": 0, "_wandb": {"runtime": 526}}