{"val/loss": 0.749390721321106, "val/dice_loss": 0.0, "val/ce_loss": 0.0, "val/acc": 0.9918097853660583, "val/macc": 0.8213973045349121, "val/miou": 0.662563145160675, "val/mdice": 0.7788370847702026, "val/mdice_nobg": 0.7621135115623474, "val/mdice_8": 0.8376049399375916, "epoch": 0, "trainer/global_step": 0, "_runtime": 523, "_timestamp": 1683406127, "_step": 0, "_wandb": {"runtime": 531}}