{"val/loss": 0.753157913684845, "val/dice_loss": 0.0, "val/ce_loss": 0.0, "val/acc": 0.9913884401321411, "val/macc": 0.7942692637443542, "val/miou": 0.6284027099609375, "val/mdice": 0.7515371441841125, "val/mdice_nobg": 0.7327187657356262, "val/mdice_8": 0.7991719841957092, "epoch": 0, "trainer/global_step": 0, "_runtime": 523, "_timestamp": 1683407893, "_step": 0, "_wandb": {"runtime": 544}}