{"lr-AdamW/pg1": 1.100320256204964e-05, "lr-AdamW/pg2": 1.100320256204964e-05, "trainer/global_step": 15838, "_runtime": 33305, "_timestamp": 1682922318, "_step": 31690, "train/loss": 0.48842233419418335, "train/dice_loss": 0.0, "train/ce_loss": 0.0, "epoch": 14, "val/loss": 0.7866212129592896, "val/dice_loss": 0.0, "val/ce_loss": 0.0, "val/acc": 0.9813525080680847, "val/macc": 0.720339298248291, "val/miou": 0.4564667344093323, "val/mdice": 0.5911256670951843, "val/mdice_nobg": 0.560318112373352, "val/mdice_8": 0.6568524241447449}