{"lr-AdamW/pg1": 2.9854683746997598e-05, "lr-AdamW/pg2": 2.9854683746997598e-05, "trainer/global_step": 141, "_runtime": 266, "_timestamp": 1683002160, "_step": 282, "train/loss": 0.9451916813850403, "train/dice_loss": 0.0, "train/ce_loss": 0.0, "epoch": 0}