{"val/loss": 0.7530136108398438, "val/dice_loss": 0.0, "val/ce_loss": 0.0, "val/acc": 0.9917814135551453, "val/macc": 0.8092716932296753, "val/miou": 0.6510617136955261, "val/mdice": 0.7710458040237427, "val/mdice_nobg": 0.7537149786949158, "val/mdice_8": 0.8268817067146301, "epoch": 0, "trainer/global_step": 0, "_runtime": 522, "_timestamp": 1683405541, "_step": 0, "_wandb": {"runtime": 530}}