{"lr-AdamW/pg1": 1.1985588470776622e-05, "lr-AdamW/pg2": 1.1985588470776622e-05, "trainer/global_step": 15020, "_runtime": 34345, "_timestamp": 1683038370, "_step": 30053, "train/loss": 0.9294012188911438, "train/dice_loss": 0.0, "train/ce_loss": 0.0, "epoch": 13, "val/loss": 0.7942026853561401, "val/dice_loss": 0.0, "val/ce_loss": 0.0, "val/acc": 0.9779402017593384, "val/macc": 0.6825343370437622, "val/miou": 0.44406211376190186, "val/mdice": 0.5820730328559875, "val/mdice_nobg": 0.5506689548492432, "val/mdice_8": 0.6365311145782471}