{"val/loss": 0.7869452238082886, "val/dice_loss": 0.0, "val/ce_loss": 0.0, "val/acc": 0.9814909100532532, "val/macc": 0.7049441933631897, "val/miou": 0.4746849238872528, "val/mdice": 0.6143314838409424, "val/mdice_nobg": 0.5853083729743958, "val/mdice_8": 0.6621646285057068, "epoch": 0, "trainer/global_step": 0, "_runtime": 519, "_timestamp": 1683408482, "_step": 0, "_wandb": {"runtime": 535}}