{"lr-AdamW/pg1": 1.0884307445956766e-05, "lr-AdamW/pg2": 1.0884307445956766e-05, "trainer/global_step": 15937, "_runtime": 34344, "_timestamp": 1683038389, "_step": 31888, "train/loss": 0.45698273181915283, "train/dice_loss": 0.0, "train/ce_loss": 0.0, "epoch": 14, "val/loss": 0.7530136108398438, "val/dice_loss": 0.0, "val/ce_loss": 0.0, "val/acc": 0.9917814135551453, "val/macc": 0.8092716932296753, "val/miou": 0.6510617136955261, "val/mdice": 0.7710458040237427, "val/mdice_nobg": 0.7537149786949158, "val/mdice_8": 0.8268817067146301}