{"lr-AdamW/pg1": 2.8238190552441955e-05, "lr-AdamW/pg2": 2.8238190552441955e-05, "trainer/global_step": 1487, "_runtime": 3383, "_timestamp": 1682892342, "_step": 2976, "train/loss": 0.6382444500923157, "train/dice_loss": 0.0, "train/ce_loss": 0.0, "epoch": 1, "val/loss": 0.7863842844963074, "val/dice_loss": 0.0, "val/ce_loss": 0.0, "val/acc": 0.9778980016708374, "val/macc": 0.7547585964202881, "val/miou": 0.4410170018672943, "val/mdice": 0.561545729637146, "val/mdice_nobg": 0.5286113619804382, "val/mdice_8": 0.63985675573349}