{"lr-AdamW/pg1": 1.2638911128903123e-05, "lr-AdamW/pg2": 1.2638911128903123e-05, "trainer/global_step": 14476, "_runtime": 33269, "_timestamp": 1682922265, "_step": 28965, "train/loss": 0.7033282518386841, "train/dice_loss": 0.0, "train/ce_loss": 0.0, "epoch": 13, "val/loss": 0.7934435606002808, "val/dice_loss": 0.0, "val/ce_loss": 0.0, "val/acc": 0.9832174777984619, "val/macc": 0.6593651175498962, "val/miou": 0.47746726870536804, "val/mdice": 0.6155670881271362, "val/mdice_nobg": 0.5865518450737, "val/mdice_8": 0.6685287356376648}