{"lr-AdamW/pg1": 2.9131705364291437e-05, "lr-AdamW/pg2": 2.9131705364291437e-05, "trainer/global_step": 743, "_runtime": 2891, "_timestamp": 1681545861, "_step": 2231, "train/loss": 0.3116604685783386, "train/dice_loss": 0.0, "train/ce_loss": 0.0, "epoch": 1, "val/loss": 0.48607802391052246, "val/dice_loss": 0.0, "val/ce_loss": 0.0, "val/acc": 0.9615734815597534, "val/macc": 0.7218273878097534, "val/miou": 0.5351791381835938, "val/mdice": 0.6564193964004517, "val/mdice_nobg": 0.5476868748664856}