{"lr-AdamW/pg1": 2.2932345876701364e-05, "lr-AdamW/pg2": 2.2932345876701364e-05, "trainer/global_step": 5905, "_runtime": 21161, "_timestamp": 1681609067, "_step": 17716, "train/loss": 0.5000643730163574, "train/dice_loss": 0.0, "train/ce_loss": 0.0, "epoch": 8, "val/loss": 0.39302170276641846, "val/dice_loss": 0.0, "val/ce_loss": 0.0, "val/acc": 0.9991378784179688, "val/macc": 0.9826387166976929, "val/miou": 0.8898477554321289, "val/mdice": 0.9381627440452576, "val/mdice_nobg": 0.8767580389976501}