{"val/loss": 0.7899765968322754, "val/dice_loss": 0.0, "val/ce_loss": 0.0, "val/acc": 0.9797546863555908, "val/macc": 0.6959695219993591, "val/miou": 0.47264522314071655, "val/mdice": 0.6108371615409851, "val/mdice_nobg": 0.5816056132316589, "val/mdice_8": 0.6676421761512756, "epoch": 0, "trainer/global_step": 0, "_runtime": 518, "_timestamp": 1683407281, "_step": 0, "_wandb": {"runtime": 523}}