{"val/loss": 0.9570577144622803, "val/dice_loss": 0.0, "val/ce_loss": 0.0, "val/acc": 0.9423794150352478, "val/macc": NaN, "val/miou": 0.06963977217674255, "val/mdice": 0.07313340902328491, "val/mdice_nobg": 0.003819318488240242, "val/mdice_8": 0.00620639231055975, "epoch": 0, "trainer/global_step": 0, "_runtime": 145, "_timestamp": 1683409661, "_step": 0, "_wandb": {"runtime": 149}}