{"val/loss": 0.9424923062324524, "val/dice_loss": 0.0, "val/ce_loss": 0.0, "val/acc": 0.95111083984375, "val/macc": NaN, "val/miou": 0.12017158418893814, "val/mdice": 0.12998230755329132, "val/mdice_nobg": 0.06499002873897552, "val/mdice_8": 0.10560879856348038, "epoch": 0, "trainer/global_step": 0, "_runtime": 226, "_timestamp": 1681686845, "_step": 0, "_wandb": {"runtime": 241}}